country_code,wave,n,luck_belief_missing_pct,just_benefits_missing_pct,just_taxes_missing_pct,just_bribe_missing_pct,just_steal_missing_pct
8,3,973,0.0,7.3,5.4,2.6,100.0
12,6,1118,0.0,6.2,4.3,1.8,1.3
20,5,997,0.0,0.7,0.2,0.4,100.0
20,7,1002,0.0,0.6,0.2,0.2,0.0
31,3,1877,0.0,6.7,2.9,2.9,100.0
31,6,1002,0.0,0.0,0.0,0.0,0.0
32,3,1059,0.0,1.0,0.3,0.5,100.0
32,5,958,0.0,5.6,1.0,0.7,100.0
32,6,974,0.0,1.7,0.8,0.9,1.2
32,7,973,0.0,1.5,1.5,0.9,1.5
36,3,2033,0.0,0.3,0.3,0.2,100.0
36,5,1372,0.0,0.2,0.6,0.7,100.0
36,6,1446,0.0,0.1,0.3,0.2,0.6
36,7,1781,0.0,0.2,0.4,0.3,0.3
50,3,1499,0.0,2.4,4.3,0.7,100.0
50,7,1200,0.0,0.0,0.0,0.0,0.0
51,3,1942,0.0,2.2,1.9,1.1,100.0
51,6,1077,0.0,0.7,0.9,0.6,0.2
51,7,1212,0.0,0.9,0.3,0.4,0.2
68,7,2029,0.0,2.7,1.2,1.3,0.1
70,3,1192,0.0,0.6,0.6,0.2,100.0
76,3,1136,0.0,0.4,0.9,0.2,100.0
76,5,1479,0.0,0.6,0.8,1.2,100.0
76,6,1459,0.0,0.7,1.1,0.4,0.1
76,7,1690,0.0,1.8,1.7,0.8,0.6
100,3,1015,0.0,1.1,1.7,2.9,100.0
100,5,972,0.0,1.6,1.3,1.6,100.0
104,7,1200,0.0,0.1,0.0,0.0,0.1
112,3,1991,0.0,6.7,6.5,2.2,100.0
112,6,1531,0.0,0.3,0.4,0.2,0.3
124,5,2122,0.0,0.7,0.5,0.7,100.0
124,7,4018,0.0,0.0,0.0,0.0,0.0
152,3,995,0.0,1.8,1.8,1.2,100.0
152,5,975,0.0,3.7,1.6,1.5,100.0
152,6,973,0.0,1.4,1.5,2.2,0.1
152,7,965,0.0,2.8,0.3,0.6,0.4
156,3,1447,0.0,7.9,0.5,0.1,100.0
156,5,1615,0.0,14.6,4.5,5.9,100.0
156,6,1837,0.0,0.6,4.0,2.9,0.8
156,7,3019,0.0,0.3,0.3,0.4,0.1
158,3,766,0.0,0.9,0.4,0.4,100.0
158,5,1222,0.0,0.6,0.2,0.0,100.0
158,6,1183,0.0,3.2,0.8,0.8,0.4
158,7,1223,0.0,0.0,0.0,0.0,0.0
170,5,3006,0.0,0.8,0.3,0.5,100.0
170,6,1493,0.0,0.5,0.2,0.0,0.1
170,7,1520,0.0,0.0,0.0,0.0,0.0
191,3,1186,0.0,0.5,1.9,0.2,100.0
196,5,1043,0.0,0.0,0.1,0.1,100.0
196,6,992,0.0,1.1,0.7,0.4,0.0
196,7,986,0.0,1.5,0.6,0.8,0.8
203,3,1106,0.0,2.2,2.2,0.8,100.0
203,7,1190,0.0,0.8,0.5,0.5,0.2
214,3,413,0.0,1.9,1.7,2.4,100.0
218,6,1200,0.0,0.2,0.0,0.1,0.0
218,7,1191,0.0,1.6,0.8,0.8,0.3
222,3,1193,0.0,2.6,1.1,1.3,100.0
231,5,1485,0.0,0.1,0.3,0.3,100.0
231,7,1225,0.0,0.3,1.1,0.3,0.1
233,3,1006,0.0,4.2,2.6,0.9,100.0
233,6,1503,0.0,3.2,1.5,0.7,0.2
246,3,972,0.0,1.4,0.5,0.1,100.0
246,5,1011,0.0,0.0,0.2,0.2,100.0
250,5,997,0.0,0.4,0.1,0.2,100.0
268,3,1976,0.0,1.8,0.9,0.3,100.0
268,5,1436,0.0,2.3,1.5,0.8,100.0
268,6,1193,0.0,0.3,0.2,0.1,0.0
275,6,974,0.0,2.0,0.9,0.3,0.1
276,3,1987,0.0,0.3,0.7,0.5,100.0
276,5,1995,0.0,0.9,0.6,0.5,100.0
276,6,2033,0.0,0.5,100.0,1.1,0.0
276,7,1516,0.0,0.7,0.5,0.3,0.0
288,5,1512,0.0,1.3,1.0,0.7,100.0
288,6,1552,0.0,0.0,0.0,0.0,0.0
300,7,1195,0.0,0.3,0.3,0.4,0.3
320,7,1203,0.0,0.4,1.2,0.9,0.5
332,6,1938,0.0,0.4,0.1,0.0,0.1
344,6,996,0.0,0.0,0.4,0.2,0.3
344,7,2072,0.0,0.3,0.1,0.1,0.0
348,3,623,0.0,3.0,1.3,0.5,100.0
348,5,995,0.0,0.2,0.2,0.5,100.0
356,3,1845,0.0,2.7,1.8,1.3,100.0
356,5,1647,0.0,6.2,7.7,5.2,100.0
356,6,3792,0.0,0.1,0.3,0.4,0.1
356,7,1650,0.0,1.3,1.6,0.7,0.1
360,5,1923,0.0,1.7,0.6,0.3,100.0
360,7,3192,0.0,0.5,0.2,0.3,0.1
364,5,2649,0.0,1.3,0.5,0.3,100.0
364,7,1493,0.0,1.9,0.6,0.1,0.2
368,6,1189,0.0,1.5,3.1,0.3,0.4
368,7,1200,0.0,0.0,0.0,0.0,0.0
380,5,972,0.0,0.4,0.2,0.5,100.0
392,3,956,0.0,2.5,0.5,0.5,100.0
392,5,1040,0.0,2.1,0.3,0.3,100.0
392,6,2196,0.0,4.0,0.6,0.7,0.5
392,7,1262,0.0,2.3,0.2,0.5,0.1
398,6,1500,0.0,0.0,0.0,0.0,0.0
398,7,1235,0.0,3.5,2.6,1.3,1.0
400,5,1160,0.0,6.3,1.9,0.1,100.0
400,6,1200,0.0,0.7,0.0,0.0,0.3
400,7,1201,0.0,1.7,0.7,0.2,0.1
404,7,1236,0.0,0.8,1.1,1.1,1.6
410,3,1245,0.0,100.0,0.2,0.1,100.0
410,5,1200,0.0,0.2,0.2,0.1,100.0
410,6,1195,0.0,0.5,0.2,0.2,0.6
410,7,1245,0.0,0.0,0.0,0.0,0.0
414,6,1255,0.0,3.0,6.2,2.9,2.1
417,6,1498,0.0,0.2,0.5,0.3,0.3
417,7,1166,0.0,4.0,1.1,0.9,0.8
422,6,1179,0.0,0.0,0.0,0.0,0.0
422,7,1196,0.0,2.3,0.3,0.0,1.1
428,3,1178,0.0,3.1,1.7,0.9,100.0
434,6,2017,0.0,2.5,0.5,0.6,0.5
434,7,792,0.0,1.5,1.3,1.1,0.0
440,3,980,0.0,4.8,3.8,1.9,100.0
446,7,1021,0.0,0.0,0.2,0.5,0.0
458,5,1200,0.0,0.0,0.0,0.0,100.0
458,6,1300,0.0,0.0,0.0,0.0,0.0
458,7,1313,0.0,0.0,0.0,0.0,0.0
462,7,1039,0.0,0.2,0.3,0.0,0.5
466,5,1403,0.0,3.6,3.8,7.1,100.0
484,3,1445,0.0,1.9,1.5,1.4,100.0
484,5,1496,0.0,2.3,0.8,0.7,100.0
484,6,1990,0.0,1.0,0.2,0.4,0.1
484,7,1723,0.0,0.8,0.6,0.8,0.2
496,7,1638,0.0,0.2,0.0,0.0,0.0
498,3,962,0.0,3.4,2.4,1.6,100.0
498,5,1027,0.0,3.8,0.6,1.5,100.0
499,3,224,0.0,3.1,8.9,1.8,100.0
504,5,1147,0.0,1.8,1.0,0.5,100.0
504,6,1033,0.0,8.9,7.7,4.4,0.5
504,7,1200,0.0,0.0,0.0,0.0,0.0
528,5,1022,0.0,0.2,0.9,0.8,100.0
528,6,1777,0.0,0.7,0.3,1.6,0.1
528,7,1912,0.0,0.9,0.6,2.9,0.2
554,3,1128,0.0,2.1,1.7,1.3,100.0
554,5,879,0.0,1.5,1.0,0.8,100.0
554,6,795,0.0,0.6,1.9,1.5,0.5
554,7,973,0.0,1.4,0.7,0.7,0.5
558,7,1200,0.0,0.0,0.0,0.0,0.0
566,3,1976,0.0,0.5,0.3,0.3,100.0
566,6,1759,0.0,0.0,0.0,0.0,0.0
566,7,1233,0.0,0.2,0.2,0.2,0.2
578,3,1120,0.0,0.1,0.3,0.1,100.0
578,5,1017,0.0,0.1,0.1,0.3,100.0
586,6,1200,0.0,0.0,0.0,0.0,0.0
586,7,1966,0.0,1.8,3.0,2.5,2.2
604,3,1148,0.0,3.8,2.2,1.3,100.0
604,6,1170,0.0,2.8,2.3,2.3,0.8
604,7,1375,0.0,2.5,1.7,1.0,0.1
608,3,1198,0.0,0.6,0.4,0.3,100.0
608,6,1200,0.0,0.0,0.3,0.0,0.0
608,7,1200,0.0,0.0,0.2,0.0,0.2
616,3,1097,0.0,1.0,0.5,0.0,100.0
616,5,950,0.0,3.6,3.4,0.2,100.0
616,6,931,0.0,3.0,2.7,0.9,0.3
630,3,1155,0.0,0.6,0.4,0.3,100.0
630,7,1115,0.0,0.3,0.2,0.5,0.2
634,6,1056,0.0,0.5,100.0,0.0,0.2
642,3,1208,0.0,3.1,0.2,1.1,100.0
642,5,1667,0.0,2.2,2.3,1.0,100.0
642,6,1446,0.0,2.1,0.6,0.7,0.1
642,7,1224,0.0,2.0,0.8,1.1,0.4
643,3,1951,0.0,7.6,6.4,1.5,100.0
643,5,1917,0.0,5.5,4.3,1.5,100.0
643,6,2309,0.0,4.5,3.2,1.7,0.7
643,7,1769,0.0,3.9,2.9,1.8,0.7
646,5,1474,0.0,1.8,0.5,0.2,100.0
646,6,1527,0.0,0.0,0.0,0.0,0.0
688,3,1246,0.0,2.6,1.2,1.3,100.0
688,5,1115,0.0,2.4,1.2,1.6,100.0
688,7,984,0.0,1.5,0.4,1.3,0.3
702,6,1969,0.0,0.0,0.1,0.0,0.0
702,7,2002,0.0,0.2,0.3,0.3,0.2
703,3,1067,0.0,0.9,1.0,0.9,100.0
703,7,1191,0.0,1.1,0.7,0.8,0.3
704,5,1469,0.0,6.3,1.6,1.0,100.0
704,7,1200,0.0,0.0,0.0,0.0,0.0
705,3,988,0.0,0.6,0.0,0.2,100.0
705,5,980,0.0,2.8,0.5,0.7,100.0
705,6,1038,0.0,1.7,0.0,0.4,0.2
710,3,2877,0.0,2.3,2.1,1.4,100.0
710,5,2926,0.0,0.9,1.7,0.8,100.0
710,6,3463,0.0,0.5,0.6,0.3,0.2
716,6,1500,0.0,0.0,0.0,0.0,0.0
716,7,1214,0.0,0.2,0.0,0.1,0.1
724,3,1163,0.0,3.2,1.1,0.9,100.0
724,5,1172,0.0,3.9,0.9,0.1,100.0
724,6,1151,0.0,1.4,0.6,0.8,0.3
752,3,996,0.0,0.8,0.5,0.2,100.0
752,5,988,0.0,0.6,0.3,0.2,100.0
752,6,1173,0.0,3.8,1.4,0.9,0.6
756,3,1143,0.0,1.7,1.0,1.0,100.0
756,5,1227,0.0,0.3,0.2,0.2,100.0
762,7,1200,0.0,0.0,0.0,0.0,0.0
764,5,1531,0.0,0.3,0.1,0.5,100.0
764,6,1194,0.0,1.5,0.4,1.3,1.8
764,7,1479,0.0,0.6,0.2,0.2,0.2
780,5,1001,0.0,0.3,0.4,0.0,100.0
780,6,990,0.0,0.9,0.9,0.2,0.8
788,6,1144,0.0,6.9,4.9,0.2,0.1
788,7,1203,0.0,0.4,0.2,0.2,0.1
792,5,1315,0.0,0.0,0.1,0.2,100.0
792,6,1565,0.0,0.3,0.0,0.0,0.1
792,7,2389,0.0,0.3,0.4,0.3,0.0
804,3,2511,0.0,13.2,7.5,2.2,100.0
804,5,940,0.0,4.9,3.0,2.7,100.0
804,6,1500,0.0,0.0,0.0,0.0,0.0
804,7,1233,0.0,4.8,4.9,3.2,1.4
807,3,876,0.0,7.5,5.4,0.6,100.0
818,5,3032,0.0,0.2,0.2,0.0,100.0
818,6,1523,0.0,0.0,0.0,0.0,0.0
818,7,1183,0.0,3.7,1.3,0.1,0.0
826,5,1027,0.0,2.2,1.9,1.1,100.0
826,7,2569,0.0,0.8,0.6,0.3,0.4
840,3,1504,0.0,0.7,0.5,0.5,100.0
840,5,1180,0.0,0.2,0.2,0.2,100.0
840,6,2149,0.0,0.2,0.5,0.6,0.6
840,7,2574,0.0,0.4,0.3,0.3,0.4
854,5,1372,0.0,2.4,2.0,2.6,100.0
858,3,957,0.0,0.8,0.8,0.3,100.0
858,5,944,0.0,0.5,0.5,0.4,100.0
858,6,943,0.0,2.1,0.1,1.0,0.6
858,7,981,0.0,2.1,1.2,1.8,0.5
860,6,1419,0.0,0.0,0.1,0.1,0.0
860,7,1205,0.0,3.7,0.9,1.1,1.1
862,3,1132,0.0,1.3,0.7,1.4,100.0
862,7,1190,0.0,0.0,0.0,0.0,0.0
887,6,938,0.0,10.4,12.5,2.6,1.6
894,5,1442,0.0,2.4,4.1,1.1,100.0
909,7,444,0.0,0.2,0.5,0.0,0.0
